lesson,times
1,07:00;22:00
2,07:00;22:00
3,07:00;22:00
4,07:00;12:00;18:00;22:00
5,07:00;12:00;18:00;22:00
6,07:00;12:00;18:00;22:00
7,07:00;12:00;18:00;22:00
8,07:00;12:00;18:00;22:00
9,07:00;12:00;18:00;22:00
10,07:00;11:00;15:00;19:00;22:00
11,07:00;14:00;21:00
12,07:00;12:00;18:00;22:00
13,07:00;12:00;18:00;22:00
14,07:00;14:00;21:00
15,07:00;14:00;21:00
16,07:00;12:00;18:00;22:00
17,07:00;12:00;18:00;22:00
18,07:00;12:00;18:00;22:00
19,07:00;14:00;21:00
20,07:00;07:30;08:00;08:30;09:00;09:30;10:00;10:30;11:00;11:30;12:00;12:30;13:00;13:30;14:00;14:30;15:00;15:30;16:00;16:30;17:00;17:30;18:00;18:30;19:00;19:30;20:00;20:30;21:00;21:30
21,07:00;11:00;15:00;19:00;22:00
22,07:00;11:00;15:00;19:00;22:00
23,07:00;11:00;15:00;19:00;22:00
24,07:00;11:00;15:00;19:00;22:00
25,07:00;10:00;13:00;16:00;19:00;22:00
26,07:00;10:00;13:00;16:00;19:00;22:00
27,07:00;07:30;08:00;08:30;09:00;09:30;10:00;10:30;11:00;11:30;12:00;12:30;13:00;13:30;14:00;14:30;15:00;15:30;16:00;16:30;17:00;17:30;18:00;18:30;19:00;19:30;20:00;20:30;21:00;21:30
28,07:00;10:00;13:00;16:00;19:00;22:00
29,07:00;08:00;09:00;10:00;11:00;12:00;13:00;14:00;15:00;16:00;17:00;18:00;19:00;20:00;21:00;22:00
30,07:00;07:30;08:00;08:30;09:00;09:30;10:00;10:30;11:00;11:30;12:00;12:30;13:00;13:30;14:00;14:30;15:00;15:30;16:00;16:30;17:00;17:30;18:00;18:30;19:00;19:30;20:00;20:30;21:00;21:30
31,07:00;22:00
32,07:00;22:00
33,07:00;22:00
34,07:00;14:00;22:00
35,07:00;14:00;21:00
36,07:00;12:00;18:00;22:00
37,07:00;12:00;18:00;22:00
38,07:00;12:00;18:00;22:00
39,07:00;08:00;09:00;10:00;11:00;12:00;13:00;14:00;15:00;16:00;17:00;18:00;19:00;20:00;21:00;22:00
40,07:00;08:00;09:00;10:00;11:00;12:00;13:00;14:00;15:00;16:00;17:00;18:00;19:00;20:00;21:00;22:00
41,07:00;22:00
42,07:00;08:00;09:00;10:00;11:00;12:00;13:00;14:00;15:00;16:00;17:00;18:00;19:00;20:00;21:00;22:00
43,07:00;14:00;22:00
44,07:00;08:00;09:00;10:00;11:00;12:00;13:00;14:00;15:00;16:00;17:00;18:00;19:00;20:00;21:00;22:00
45,07:00;08:00;09:00;10:00;11:00;12:00;13:00;14:00;15:00;16:00;17:00;18:00;19:00;20:00;21:00;22:00
46,07:00;14:00;22:00
47,07:00;12:00;18:00;22:00
48,07:00;08:00;09:00;10:00;11:00;12:00;13:00;14:00;15:00;16:00;17:00;18:00;19:00;20:00;21:00;22:00
49,07:00;12:00;18:00;22:00
50,07:00;22:00
51,07:00;22:00
52,07:00;22:00
53,07:00;22:00
54,07:00;22:00
55,07:00;22:00
56,07:00;22:00
57,07:00;22:00
58,07:00;22:00
59,07:00;22:00
60,07:00;22:00
61,07:00;08:00;09:00;10:00;11:00;12:00;13:00;14:00;15:00;16:00;17:00;18:00;19:00;20:00;21:00;22:00
62,07:00;22:00
63,07:00;22:00
64,07:00;08:00;09:00;10:00;11:00;12:00;13:00;14:00;15:00;16:00;17:00;18:00;19:00;20:00;21:00;22:00
65,07:00;08:00;09:00;10:00;11:00;12:00;13:00;14:00;15:00;16:00;17:00;18:00;19:00;20:00;21:00;22:00
66,07:00;07:30;08:00;08:30;09:00;09:30;10:00;10:30;11:00;11:30;12:00;12:30;13:00;13:30;14:00;14:30;15:00;15:30;16:00;16:30;17:00;17:30;18:00;18:30;19:00;19:30;20:00;20:30;21:00;21:30
67,07:00;07:30;08:00;08:30;09:00;09:30;10:00;10:30;11:00;11:30;12:00;12:30;13:00;13:30;14:00;14:30;15:00;15:30;16:00;16:30;17:00;17:30;18:00;18:30;19:00;19:30;20:00;20:30;21:00;21:30
68,07:00;08:00;09:00;10:00;11:00;12:00;13:00;14:00;15:00;16:00;17:00;18:00;19:00;20:00;21:00;22:00
69,07:00;08:00;09:00;10:00;11:00;12:00;13:00;14:00;15:00;16:00;17:00;18:00;19:00;20:00;21:00;22:00
70,07:00;08:00;09:00;10:00;11:00;12:00;13:00;14:00;15:00;16:00;17:00;18:00;19:00;20:00;21:00;22:00
71,07:00;07:30;08:00;08:30;09:00;09:30;10:00;10:30;11:00;11:30;12:00;12:30;13:00;13:30;14:00;14:30;15:00;15:30;16:00;16:30;17:00;17:30;18:00;18:30;19:00;19:30;20:00;20:30;21:00;21:30
72,07:00;07:30;08:00;08:30;09:00;09:30;10:00;10:30;11:00;11:30;12:00;12:30;13:00;13:30;14:00;14:30;15:00;15:30;16:00;16:30;17:00;17:30;18:00;18:30;19:00;19:30;20:00;20:30;21:00;21:30
73,07:00;08:00;09:00;10:00;11:00;12:00;13:00;14:00;15:00;16:00;17:00;18:00;19:00;20:00;21:00;22:00
74,07:00;07:30;08:00;08:30;09:00;09:30;10:00;10:30;11:00;11:30;12:00;12:30;13:00;13:30;14:00;14:30;15:00;15:30;16:00;16:30;17:00;17:30;18:00;18:30;19:00;19:30;20:00;20:30;21:00;21:30
75,07:00;07:30;08:00;08:30;09:00;09:30;10:00;10:30;11:00;11:30;12:00;12:30;13:00;13:30;14:00;14:30;15:00;15:30;16:00;16:30;17:00;17:30;18:00;18:30;19:00;19:30;20:00;20:30;21:00;21:30
76,07:00;07:30;08:00;08:30;09:00;09:30;10:00;10:30;11:00;11:30;12:00;12:30;13:00;13:30;14:00;14:30;15:00;15:30;16:00;16:30;17:00;17:30;18:00;18:30;19:00;19:30;20:00;20:30;21:00;21:30
77,07:00;08:00;09:00;10:00;11:00;12:00;13:00;14:00;15:00;16:00;17:00;18:00;19:00;20:00;21:00;22:00
78,07:00;08:00;09:00;10:00;11:00;12:00;13:00;14:00;15:00;16:00;17:00;18:00;19:00;20:00;21:00;22:00
79,07:00;08:00;09:00;10:00;11:00;12:00;13:00;14:00;15:00;16:00;17:00;18:00;19:00;20:00;21:00;22:00
80,07:00;08:00;09:00;10:00;11:00;12:00;13:00;14:00;15:00;16:00;17:00;18:00;19:00;20:00;21:00;22:00
81,07:00;08:00;09:00;10:00;11:00;12:00;13:00;14:00;15:00;16:00;17:00;18:00;19:00;20:00;21:00;22:00
82,07:00;08:00;09:00;10:00;11:00;12:00;13:00;14:00;15:00;16:00;17:00;18:00;19:00;20:00;21:00;22:00
83,07:00;08:00;09:00;10:00;11:00;12:00;13:00;14:00;15:00;16:00;17:00;18:00;19:00;20:00;21:00;22:00
84,07:00;08:00;09:00;10:00;11:00;12:00;13:00;14:00;15:00;16:00;17:00;18:00;19:00;20:00;21:00;22:00
85,07:00;08:00;09:00;10:00;11:00;12:00;13:00;14:00;15:00;16:00;17:00;18:00;19:00;20:00;21:00;22:00
86,07:00;08:00;09:00;10:00;11:00;12:00;13:00;14:00;15:00;16:00;17:00;18:00;19:00;20:00;21:00;22:00
87,07:00;08:00;09:00;10:00;11:00;12:00;13:00;14:00;15:00;16:00;17:00;18:00;19:00;20:00;21:00;22:00
88,07:00;08:00;09:00;10:00;11:00;12:00;13:00;14:00;15:00;16:00;17:00;18:00;19:00;20:00;21:00;22:00
89,07:00;08:00;09:00;10:00;11:00;12:00;13:00;14:00;15:00;16:00;17:00;18:00;19:00;20:00;21:00;22:00
90,07:00;08:00;09:00;10:00;11:00;12:00;13:00;14:00;15:00;16:00;17:00;18:00;19:00;20:00;21:00;22:00
91,07:00;08:00;09:00;10:00;11:00;12:00;13:00;14:00;15:00;16:00;17:00;18:00;19:00;20:00;21:00;22:00
92,07:00;08:00;09:00;10:00;11:00;12:00;13:00;14:00;15:00;16:00;17:00;18:00;19:00;20:00;21:00;22:00
93,07:00;08:00;09:00;10:00;11:00;12:00;13:00;14:00;15:00;16:00;17:00;18:00;19:00;20:00;21:00;22:00
94,07:00;08:00;09:00;10:00;11:00;12:00;13:00;14:00;15:00;16:00;17:00;18:00;19:00;20:00;21:00;22:00
95,07:00;08:00;09:00;10:00;11:00;12:00;13:00;14:00;15:00;16:00;17:00;18:00;19:00;20:00;21:00;22:00
96,07:00;08:00;09:00;10:00;11:00;12:00;13:00;14:00;15:00;16:00;17:00;18:00;19:00;20:00;21:00;22:00
97,07:00;08:00;09:00;10:00;11:00;12:00;13:00;14:00;15:00;16:00;17:00;18:00;19:00;20:00;21:00;22:00
98,07:00;08:00;09:00;10:00;11:00;12:00;13:00;14:00;15:00;16:00;17:00;18:00;19:00;20:00;21:00;22:00
99,07:00;08:00;09:00;10:00;11:00;12:00;13:00;14:00;15:00;16:00;17:00;18:00;19:00;20:00;21:00;22:00
100,07:00;08:00;09:00;10:00;11:00;12:00;13:00;14:00;15:00;16:00;17:00;18:00;19:00;20:00;21:00;22:00
101,07:00;08:00;09:00;10:00;11:00;12:00;13:00;14:00;15:00;16:00;17:00;18:00;19:00;20:00;21:00;22:00
102,07:00;08:00;09:00;10:00;11:00;12:00;13:00;14:00;15:00;16:00;17:00;18:00;19:00;20:00;21:00;22:00
103,07:00;08:00;09:00;10:00;11:00;12:00;13:00;14:00;15:00;16:00;17:00;18:00;19:00;20:00;21:00;22:00
104,07:00;08:00;09:00;10:00;11:00;12:00;13:00;14:00;15:00;16:00;17:00;18:00;19:00;20:00;21:00;22:00
105,07:00;08:00;09:00;10:00;11:00;12:00;13:00;14:00;15:00;16:00;17:00;18:00;19:00;20:00;21:00;22:00
106,07:00;08:00;09:00;10:00;11:00;12:00;13:00;14:00;15:00;16:00;17:00;18:00;19:00;20:00;21:00;22:00
107,07:00;08:00;09:00;10:00;11:00;12:00;13:00;14:00;15:00;16:00;17:00;18:00;19:00;20:00;21:00;22:00
108,07:00;08:00;09:00;10:00;11:00;12:00;13:00;14:00;15:00;16:00;17:00;18:00;19:00;20:00;21:00;22:00
109,07:00;08:00;09:00;10:00;11:00;12:00;13:00;14:00;15:00;16:00;17:00;18:00;19:00;20:00;21:00;22:00
110,07:00;08:00;09:00;10:00;11:00;12:00;13:00;14:00;15:00;16:00;17:00;18:00;19:00;20:00;21:00;22:00
111,07:00;07:30;08:00;08:30;09:00;09:30;10:00;10:30;11:00;11:30;12:00;12:30;13:00;13:30;14:00;14:30;15:00;15:30;16:00;16:30;17:00;17:30;18:00;18:30;19:00;19:30;20:00;20:30;21:00;21:30;22:00
112,07:00;07:30;08:00;08:30;09:00;09:30;10:00;10:30;11:00;11:30;12:00;12:30;13:00;13:30;14:00;14:30;15:00;15:30;16:00;16:30;17:00;17:30;18:00;18:30;19:00;19:30;20:00;20:30;21:00;21:30;22:00
113,07:00;07:30;08:00;08:30;09:00;09:30;10:00;10:30;11:00;11:30;12:00;12:30;13:00;13:30;14:00;14:30;15:00;15:30;16:00;16:30;17:00;17:30;18:00;18:30;19:00;19:30;20:00;20:30;21:00;21:30;22:00
114,07:00;07:30;08:00;08:30;09:00;09:30;10:00;10:30;11:00;11:30;12:00;12:30;13:00;13:30;14:00;14:30;15:00;15:30;16:00;16:30;17:00;17:30;18:00;18:30;19:00;19:30;20:00;20:30;21:00;21:30;22:00
115,07:00;07:30;08:00;08:30;09:00;09:30;10:00;10:30;11:00;11:30;12:00;12:30;13:00;13:30;14:00;14:30;15:00;15:30;16:00;16:30;17:00;17:30;18:00;18:30;19:00;19:30;20:00;20:30;21:00;21:30;22:00
116,07:00;07:30;08:00;08:30;09:00;09:30;10:00;10:30;11:00;11:30;12:00;12:30;13:00;13:30;14:00;14:30;15:00;15:30;16:00;16:30;17:00;17:30;18:00;18:30;19:00;19:30;20:00;20:30;21:00;21:30;22:00
117,07:00;07:30;08:00;08:30;09:00;09:30;10:00;10:30;11:00;11:30;12:00;12:30;13:00;13:30;14:00;14:30;15:00;15:30;16:00;16:30;17:00;17:30;18:00;18:30;19:00;19:30;20:00;20:30;21:00;21:30;22:00
118,07:00;07:30;08:00;08:30;09:00;09:30;10:00;10:30;11:00;11:30;12:00;12:30;13:00;13:30;14:00;14:30;15:00;15:30;16:00;16:30;17:00;17:30;18:00;18:30;19:00;19:30;20:00;20:30;21:00;21:30;22:00
119,07:00;07:30;08:00;08:30;09:00;09:30;10:00;10:30;11:00;11:30;12:00;12:30;13:00;13:30;14:00;14:30;15:00;15:30;16:00;16:30;17:00;17:30;18:00;18:30;19:00;19:30;20:00;20:30;21:00;21:30;22:00
120,07:00;07:30;08:00;08:30;09:00;09:30;10:00;10:30;11:00;11:30;12:00;12:30;13:00;13:30;14:00;14:30;15:00;15:30;16:00;16:30;17:00;17:30;18:00;18:30;19:00;19:30;20:00;20:30;21:00;21:30;22:00
121,07:00;08:00;09:00;10:00;11:00;12:00;13:00;14:00;15:00;16:00;17:00;18:00;19:00;20:00;21:00;22:00
122,07:00;08:00;09:00;10:00;11:00;12:00;13:00;14:00;15:00;16:00;17:00;18:00;19:00;20:00;21:00;22:00
123,07:00;08:00;09:00;10:00;11:00;12:00;13:00;14:00;15:00;16:00;17:00;18:00;19:00;20:00;21:00;22:00
124,07:00;08:00;09:00;10:00;11:00;12:00;13:00;14:00;15:00;16:00;17:00;18:00;19:00;20:00;21:00;22:00
125,07:00;08:00;09:00;10:00;11:00;12:00;13:00;14:00;15:00;16:00;17:00;18:00;19:00;20:00;21:00;22:00
126,07:00;08:00;09:00;10:00;11:00;12:00;13:00;14:00;15:00;16:00;17:00;18:00;19:00;20:00;21:00;22:00
127,07:00;08:00;09:00;10:00;11:00;12:00;13:00;14:00;15:00;16:00;17:00;18:00;19:00;20:00;21:00;22:00
128,07:00;14:00;21:00
129,07:00;08:00;09:00;10:00;11:00;12:00;13:00;14:00;15:00;16:00;17:00;18:00;19:00;20:00;21:00;22:00
130,07:00;10:00;13:00;16:00;19:00;22:00
131,07:00;08:00;09:00;10:00;11:00;12:00;13:00;14:00;15:00;16:00;17:00;18:00;19:00;20:00;21:00;22:00
132,07:00;08:00;09:00;10:00;11:00;12:00;13:00;14:00;15:00;16:00;17:00;18:00;19:00;20:00;21:00;22:00
133,07:00;08:00;09:00;10:00;11:00;12:00;13:00;14:00;15:00;16:00;17:00;18:00;19:00;20:00;21:00;22:00
134,07:00;08:00;09:00;10:00;11:00;12:00;13:00;14:00;15:00;16:00;17:00;18:00;19:00;20:00;21:00;22:00
135,07:00;08:00;09:00;10:00;11:00;12:00;13:00;14:00;15:00;16:00;17:00;18:00;19:00;20:00;21:00;22:00
136,07:00;22:00
137,07:00;08:00;09:00;10:00;11:00;12:00;13:00;14:00;15:00;16:00;17:00;18:00;19:00;20:00;21:00;22:00
138,07:00;08:00;09:00;10:00;11:00;12:00;13:00;14:00;15:00;16:00;17:00;18:00;19:00;20:00;21:00;22:00
139,07:00;08:00;09:00;10:00;11:00;12:00;13:00;14:00;15:00;16:00;17:00;18:00;19:00;20:00;21:00;22:00
140,07:00;08:00;09:00;10:00;11:00;12:00;13:00;14:00;15:00;16:00;17:00;18:00;19:00;20:00;21:00;22:00
141,07:00;08:00;09:00;10:00;11:00;12:00;13:00;14:00;15:00;16:00;17:00;18:00;19:00;20:00;21:00;22:00
142,07:00;08:00;09:00;10:00;11:00;12:00;13:00;14:00;15:00;16:00;17:00;18:00;19:00;20:00;21:00;22:00
143,07:00;08:00;09:00;10:00;11:00;12:00;13:00;14:00;15:00;16:00;17:00;18:00;19:00;20:00;21:00;22:00
144,07:00;08:00;09:00;10:00;11:00;12:00;13:00;14:00;15:00;16:00;17:00;18:00;19:00;20:00;21:00;22:00
145,07:00;08:00;09:00;10:00;11:00;12:00;13:00;14:00;15:00;16:00;17:00;18:00;19:00;20:00;21:00;22:00
146,07:00;08:00;09:00;10:00;11:00;12:00;13:00;14:00;15:00;16:00;17:00;18:00;19:00;20:00;21:00;22:00
147,07:00;08:00;09:00;10:00;11:00;12:00;13:00;14:00;15:00;16:00;17:00;18:00;19:00;20:00;21:00;22:00
148,07:00;08:00;09:00;10:00;11:00;12:00;13:00;14:00;15:00;16:00;17:00;18:00;19:00;20:00;21:00;22:00
149,07:00;08:00;09:00;10:00;11:00;12:00;13:00;14:00;15:00;16:00;17:00;18:00;19:00;20:00;21:00;22:00
150,07:00;08:00;09:00;10:00;11:00;12:00;13:00;14:00;15:00;16:00;17:00;18:00;19:00;20:00;21:00;22:00
151,07:00;08:00;09:00;10:00;11:00;12:00;13:00;14:00;15:00;16:00;17:00;18:00;19:00;20:00;21:00;22:00
152,07:00;08:00;09:00;10:00;11:00;12:00;13:00;14:00;15:00;16:00;17:00;18:00;19:00;20:00;21:00;22:00
153,07:00;08:00;09:00;10:00;11:00;12:00;13:00;14:00;15:00;16:00;17:00;18:00;19:00;20:00;21:00;22:00
154,07:00;12:00;18:00;22:00
155,07:00;12:00;18:00;22:00
156,07:00;07:30;08:00;08:30;09:00;09:30;10:00;10:30;11:00;11:30;12:00;12:30;13:00;13:30;14:00;14:30;15:00;15:30;16:00;16:30;17:00;17:30;18:00;18:30;19:00;19:30;20:00;20:30;21:00;21:30
157,07:00;22:00
158,07:00;12:00;18:00;22:00
159,07:00;12:00;18:00;22:00
160,07:00;12:00;18:00;22:00
161,07:00;08:00;09:00;10:00;11:00;12:00;13:00;14:00;15:00;16:00;17:00;18:00;19:00;20:00;21:00;22:00
162,07:00;08:00;09:00;10:00;11:00;12:00;13:00;14:00;15:00;16:00;17:00;18:00;19:00;20:00;21:00;22:00
163,07:00;12:00;18:00;22:00
164,07:00;12:00;18:00;22:00
165,07:00;12:00;18:00;22:00
166,07:00;12:00;18:00;22:00
167,07:00;12:00;18:00;22:00
168,07:00;12:00;18:00;22:00
169,07:00;12:00;18:00;22:00
170,07:00;12:00;18:00;22:00
171,07:00;08:00;09:00;10:00;11:00;12:00;13:00;14:00;15:00;16:00;17:00;18:00;19:00;20:00;21:00;22:00
172,07:00;08:00;09:00;10:00;11:00;12:00;13:00;14:00;15:00;16:00;17:00;18:00;19:00;20:00;21:00;22:00
173,07:00;08:00;09:00;10:00;11:00;12:00;13:00;14:00;15:00;16:00;17:00;18:00;19:00;20:00;21:00;22:00
174,07:00;08:00;09:00;10:00;11:00;12:00;13:00;14:00;15:00;16:00;17:00;18:00;19:00;20:00;21:00;22:00
175,07:00;08:00;09:00;10:00;11:00;12:00;13:00;14:00;15:00;16:00;17:00;18:00;19:00;20:00;21:00;22:00
176,07:00;08:00;09:00;10:00;11:00;12:00;13:00;14:00;15:00;16:00;17:00;18:00;19:00;20:00;21:00;22:00
177,07:00;08:00;09:00;10:00;11:00;12:00;13:00;14:00;15:00;16:00;17:00;18:00;19:00;20:00;21:00;22:00
178,07:00;08:00;09:00;10:00;11:00;12:00;13:00;14:00;15:00;16:00;17:00;18:00;19:00;20:00;21:00;22:00
179,07:00;08:00;09:00;10:00;11:00;12:00;13:00;14:00;15:00;16:00;17:00;18:00;19:00;20:00;21:00;22:00
180,07:00;08:00;09:00;10:00;11:00;12:00;13:00;14:00;15:00;16:00;17:00;18:00;19:00;20:00;21:00;22:00
181,07:00;08:00;09:00;10:00;11:00;12:00;13:00;14:00;15:00;16:00;17:00;18:00;19:00;20:00;21:00;22:00
182,07:00;08:00;09:00;10:00;11:00;12:00;13:00;14:00;15:00;16:00;17:00;18:00;19:00;20:00;21:00;22:00
183,07:00;12:00;18:00;22:00
184,07:00;08:00;09:00;10:00;11:00;12:00;13:00;14:00;15:00;16:00;17:00;18:00;19:00;20:00;21:00;22:00
185,07:00;08:00;09:00;10:00;11:00;12:00;13:00;14:00;15:00;16:00;17:00;18:00;19:00;20:00;21:00;22:00
186,07:00;08:00;09:00;10:00;11:00;12:00;13:00;14:00;15:00;16:00;17:00;18:00;19:00;20:00;21:00;22:00
187,07:00;08:00;09:00;10:00;11:00;12:00;13:00;14:00;15:00;16:00;17:00;18:00;19:00;20:00;21:00;22:00
188,07:00;08:00;09:00;10:00;11:00;12:00;13:00;14:00;15:00;16:00;17:00;18:00;19:00;20:00;21:00;22:00
189,07:00;08:00;09:00;10:00;11:00;12:00;13:00;14:00;15:00;16:00;17:00;18:00;19:00;20:00;21:00;22:00
190,07:00;08:00;09:00;10:00;11:00;12:00;13:00;14:00;15:00;16:00;17:00;18:00;19:00;20:00;21:00;22:00
191,07:00;08:00;09:00;10:00;11:00;12:00;13:00;14:00;15:00;16:00;17:00;18:00;19:00;20:00;21:00;22:00
192,07:00;08:00;09:00;10:00;11:00;12:00;13:00;14:00;15:00;16:00;17:00;18:00;19:00;20:00;21:00;22:00
193,07:00;08:00;09:00;10:00;11:00;12:00;13:00;14:00;15:00;16:00;17:00;18:00;19:00;20:00;21:00;22:00
194,07:00;08:00;09:00;10:00;11:00;12:00;13:00;14:00;15:00;16:00;17:00;18:00;19:00;20:00;21:00;22:00
195,07:00;08:00;09:00;10:00;11:00;12:00;13:00;14:00;15:00;16:00;17:00;18:00;19:00;20:00;21:00;22:00
196,07:00;08:00;09:00;10:00;11:00;12:00;13:00;14:00;15:00;16:00;17:00;18:00;19:00;20:00;21:00;22:00
197,07:00;08:00;09:00;10:00;11:00;12:00;13:00;14:00;15:00;16:00;17:00;18:00;19:00;20:00;21:00;22:00
198,07:00;08:00;09:00;10:00;11:00;12:00;13:00;14:00;15:00;16:00;17:00;18:00;19:00;20:00;21:00;22:00
199,07:00;08:00;09:00;10:00;11:00;12:00;13:00;14:00;15:00;16:00;17:00;18:00;19:00;20:00;21:00;22:00
200,07:00;08:00;09:00;10:00;11:00;12:00;13:00;14:00;15:00;16:00;17:00;18:00;19:00;20:00;21:00;22:00
201,07:00;08:00;09:00;10:00;11:00;12:00;13:00;14:00;15:00;16:00;17:00;18:00;19:00;20:00;21:00;22:00
202,07:00;08:00;09:00;10:00;11:00;12:00;13:00;14:00;15:00;16:00;17:00;18:00;19:00;20:00;21:00;22:00
203,07:00;08:00;09:00;10:00;11:00;12:00;13:00;14:00;15:00;16:00;17:00;18:00;19:00;20:00;21:00;22:00
204,07:00;08:00;09:00;10:00;11:00;12:00;13:00;14:00;15:00;16:00;17:00;18:00;19:00;20:00;21:00;22:00
205,07:00;08:00;09:00;10:00;11:00;12:00;13:00;14:00;15:00;16:00;17:00;18:00;19:00;20:00;21:00;22:00
206,07:00;08:00;09:00;10:00;11:00;12:00;13:00;14:00;15:00;16:00;17:00;18:00;19:00;20:00;21:00;22:00
207,07:00;08:00;09:00;10:00;11:00;12:00;13:00;14:00;15:00;16:00;17:00;18:00;19:00;20:00;21:00;22:00
208,07:00;08:00;09:00;10:00;11:00;12:00;13:00;14:00;15:00;16:00;17:00;18:00;19:00;20:00;21:00;22:00
209,07:00;08:00;09:00;10:00;11:00;12:00;13:00;14:00;15:00;16:00;17:00;18:00;19:00;20:00;21:00;22:00
210,07:00;08:00;09:00;10:00;11:00;12:00;13:00;14:00;15:00;16:00;17:00;18:00;19:00;20:00;21:00;22:00
211,07:00;08:00;09:00;10:00;11:00;12:00;13:00;14:00;15:00;16:00;17:00;18:00;19:00;20:00;21:00;22:00
212,07:00;08:00;09:00;10:00;11:00;12:00;13:00;14:00;15:00;16:00;17:00;18:00;19:00;20:00;21:00;22:00
213,07:00;08:00;09:00;10:00;11:00;12:00;13:00;14:00;15:00;16:00;17:00;18:00;19:00;20:00;21:00;22:00
214,07:00;08:00;09:00;10:00;11:00;12:00;13:00;14:00;15:00;16:00;17:00;18:00;19:00;20:00;21:00;22:00
215,07:00;08:00;09:00;10:00;11:00;12:00;13:00;14:00;15:00;16:00;17:00;18:00;19:00;20:00;21:00;22:00
216,07:00;08:00;09:00;10:00;11:00;12:00;13:00;14:00;15:00;16:00;17:00;18:00;19:00;20:00;21:00;22:00
217,07:00;08:00;09:00;10:00;11:00;12:00;13:00;14:00;15:00;16:00;17:00;18:00;19:00;20:00;21:00;22:00
218,07:00;08:00;09:00;10:00;11:00;12:00;13:00;14:00;15:00;16:00;17:00;18:00;19:00;20:00;21:00;22:00
219,07:00;08:00;09:00;10:00;11:00;12:00;13:00;14:00;15:00;16:00;17:00;18:00;19:00;20:00;21:00;22:00
220,07:00;08:00;09:00;10:00;11:00;12:00;13:00;14:00;15:00;16:00;17:00;18:00;19:00;20:00;21:00;22:00
221,07:00;08:00;09:00;10:00;11:00;12:00;13:00;14:00;15:00;16:00;17:00;18:00;19:00;20:00;21:00;22:00
222,07:00;08:00;09:00;10:00;11:00;12:00;13:00;14:00;15:00;16:00;17:00;18:00;19:00;20:00;21:00;22:00
223,07:00;08:00;09:00;10:00;11:00;12:00;13:00;14:00;15:00;16:00;17:00;18:00;19:00;20:00;21:00;22:00
224,07:00;08:00;09:00;10:00;11:00;12:00;13:00;14:00;15:00;16:00;17:00;18:00;19:00;20:00;21:00;22:00
225,07:00;08:00;09:00;10:00;11:00;12:00;13:00;14:00;15:00;16:00;17:00;18:00;19:00;20:00;21:00;22:00
226,07:00;08:00;09:00;10:00;11:00;12:00;13:00;14:00;15:00;16:00;17:00;18:00;19:00;20:00;21:00;22:00
227,07:00;08:00;09:00;10:00;11:00;12:00;13:00;14:00;15:00;16:00;17:00;18:00;19:00;20:00;21:00;22:00
228,07:00;08:00;09:00;10:00;11:00;12:00;13:00;14:00;15:00;16:00;17:00;18:00;19:00;20:00;21:00;22:00
229,07:00;08:00;09:00;10:00;11:00;12:00;13:00;14:00;15:00;16:00;17:00;18:00;19:00;20:00;21:00;22:00
230,07:00;08:00;09:00;10:00;11:00;12:00;13:00;14:00;15:00;16:00;17:00;18:00;19:00;20:00;21:00;22:00
231,07:00;08:00;09:00;10:00;11:00;12:00;13:00;14:00;15:00;16:00;17:00;18:00;19:00;20:00;21:00;22:00
232,07:00;08:00;09:00;10:00;11:00;12:00;13:00;14:00;15:00;16:00;17:00;18:00;19:00;20:00;21:00;22:00
233,07:00;08:00;09:00;10:00;11:00;12:00;13:00;14:00;15:00;16:00;17:00;18:00;19:00;20:00;21:00;22:00
234,07:00;08:00;09:00;10:00;11:00;12:00;13:00;14:00;15:00;16:00;17:00;18:00;19:00;20:00;21:00;22:00
235,07:00;08:00;09:00;10:00;11:00;12:00;13:00;14:00;15:00;16:00;17:00;18:00;19:00;20:00;21:00;22:00
236,07:00;08:00;09:00;10:00;11:00;12:00;13:00;14:00;15:00;16:00;17:00;18:00;19:00;20:00;21:00;22:00
237,07:00;08:00;09:00;10:00;11:00;12:00;13:00;14:00;15:00;16:00;17:00;18:00;19:00;20:00;21:00;22:00
238,07:00;08:00;09:00;10:00;11:00;12:00;13:00;14:00;15:00;16:00;17:00;18:00;19:00;20:00;21:00;22:00
239,07:00;08:00;09:00;10:00;11:00;12:00;13:00;14:00;15:00;16:00;17:00;18:00;19:00;20:00;21:00;22:00
240,07:00;08:00;09:00;10:00;11:00;12:00;13:00;14:00;15:00;16:00;17:00;18:00;19:00;20:00;21:00;22:00
241,07:00;08:00;09:00;10:00;11:00;12:00;13:00;14:00;15:00;16:00;17:00;18:00;19:00;20:00;21:00;22:00
242,07:00;08:00;09:00;10:00;11:00;12:00;13:00;14:00;15:00;16:00;17:00;18:00;19:00;20:00;21:00;22:00
243,07:00;08:00;09:00;10:00;11:00;12:00;13:00;14:00;15:00;16:00;17:00;18:00;19:00;20:00;21:00;22:00
244,07:00;08:00;09:00;10:00;11:00;12:00;13:00;14:00;15:00;16:00;17:00;18:00;19:00;20:00;21:00;22:00
245,07:00;08:00;09:00;10:00;11:00;12:00;13:00;14:00;15:00;16:00;17:00;18:00;19:00;20:00;21:00;22:00
246,07:00;08:00;09:00;10:00;11:00;12:00;13:00;14:00;15:00;16:00;17:00;18:00;19:00;20:00;21:00;22:00
247,07:00;08:00;09:00;10:00;11:00;12:00;13:00;14:00;15:00;16:00;17:00;18:00;19:00;20:00;21:00;22:00
248,07:00;08:00;09:00;10:00;11:00;12:00;13:00;14:00;15:00;16:00;17:00;18:00;19:00;20:00;21:00;22:00
249,07:00;08:00;09:00;10:00;11:00;12:00;13:00;14:00;15:00;16:00;17:00;18:00;19:00;20:00;21:00;22:00
250,07:00;08:00;09:00;10:00;11:00;12:00;13:00;14:00;15:00;16:00;17:00;18:00;19:00;20:00;21:00;22:00
251,07:00;08:00;09:00;10:00;11:00;12:00;13:00;14:00;15:00;16:00;17:00;18:00;19:00;20:00;21:00;22:00
252,07:00;08:00;09:00;10:00;11:00;12:00;13:00;14:00;15:00;16:00;17:00;18:00;19:00;20:00;21:00;22:00
253,07:00;08:00;09:00;10:00;11:00;12:00;13:00;14:00;15:00;16:00;17:00;18:00;19:00;20:00;21:00;22:00
254,07:00;08:00;09:00;10:00;11:00;12:00;13:00;14:00;15:00;16:00;17:00;18:00;19:00;20:00;21:00;22:00
255,07:00;08:00;09:00;10:00;11:00;12:00;13:00;14:00;15:00;16:00;17:00;18:00;19:00;20:00;21:00;22:00
256,07:00;08:00;09:00;10:00;11:00;12:00;13:00;14:00;15:00;16:00;17:00;18:00;19:00;20:00;21:00;22:00
257,07:00;22:00
258,07:00;22:00
259,07:00;22:00
260,07:00;22:00
261,07:00;08:00;09:00;10:00;11:00;12:00;13:00;14:00;15:00;16:00;17:00;18:00;19:00;20:00;21:00;22:00
262,07:00;08:00;09:00;10:00;11:00;12:00;13:00;14:00;15:00;16:00;17:00;18:00;19:00;20:00;21:00;22:00
263,07:00;08:00;09:00;10:00;11:00;12:00;13:00;14:00;15:00;16:00;17:00;18:00;19:00;20:00;21:00;22:00
264,07:00;08:00;09:00;10:00;11:00;12:00;13:00;14:00;15:00;16:00;17:00;18:00;19:00;20:00;21:00;22:00
265,07:00;08:00;09:00;10:00;11:00;12:00;13:00;14:00;15:00;16:00;17:00;18:00;19:00;20:00;21:00;22:00
266,07:00;08:00;09:00;10:00;11:00;12:00;13:00;14:00;15:00;16:00;17:00;18:00;19:00;20:00;21:00;22:00
267,07:00;08:00;09:00;10:00;11:00;12:00;13:00;14:00;15:00;16:00;17:00;18:00;19:00;20:00;21:00;22:00
268,07:00;08:00;09:00;10:00;11:00;12:00;13:00;14:00;15:00;16:00;17:00;18:00;19:00;20:00;21:00;22:00
269,07:00;08:00;09:00;10:00;11:00;12:00;13:00;14:00;15:00;16:00;17:00;18:00;19:00;20:00;21:00;22:00
270,07:00;08:00;09:00;10:00;11:00;12:00;13:00;14:00;15:00;16:00;17:00;18:00;19:00;20:00;21:00;22:00
271,07:00;22:00
272,07:00;22:00
273,07:00;22:00
274,07:00;22:00
275,07:00;22:00
276,07:00;22:00
277,07:00;22:00
278,07:00;22:00
279,07:00;22:00
280,07:00;22:00
281,07:00;22:00
282,07:00;22:00
283,07:00;22:00
284,07:00;22:00
285,07:00;22:00
286,07:00;22:00
287,07:00;22:00
288,07:00;22:00
289,07:00;22:00
290,07:00;22:00
291,07:00;22:00
292,07:00;22:00
293,07:00;22:00
294,07:00;22:00
295,07:00;22:00
296,07:00;22:00
297,07:00;22:00
298,07:00;22:00
299,07:00;22:00
300,07:00;22:00
301,07:00;22:00
302,07:00;22:00
303,07:00;22:00
304,07:00;22:00
305,07:00;22:00
306,07:00;22:00
307,07:00;22:00
308,07:00;22:00
309,07:00;22:00
310,07:00;22:00
311,07:00;22:00
312,07:00;22:00
313,07:00;22:00
314,07:00;22:00
315,07:00;22:00
316,07:00;22:00
317,07:00;22:00
318,07:00;22:00
319,07:00;22:00
320,07:00;22:00
321,07:00;22:00
322,07:00;22:00
323,07:00;22:00
324,07:00;22:00
325,07:00;22:00
326,07:00;22:00
327,07:00;22:00
328,07:00;22:00
329,07:00;22:00
330,07:00;22:00
331,07:00;08:00;09:00;10:00;11:00;12:00;13:00;14:00;15:00;16:00;17:00;18:00;19:00;20:00;21:00;22:00
332,07:00;08:00;09:00;10:00;11:00;12:00;13:00;14:00;15:00;16:00;17:00;18:00;19:00;20:00;21:00;22:00
333,07:00;08:00;09:00;10:00;11:00;12:00;13:00;14:00;15:00;16:00;17:00;18:00;19:00;20:00;21:00;22:00
334,07:00;08:00;09:00;10:00;11:00;12:00;13:00;14:00;15:00;16:00;17:00;18:00;19:00;20:00;21:00;22:00
335,07:00;08:00;09:00;10:00;11:00;12:00;13:00;14:00;15:00;16:00;17:00;18:00;19:00;20:00;21:00;22:00
336,07:00;08:00;09:00;10:00;11:00;12:00;13:00;14:00;15:00;16:00;17:00;18:00;19:00;20:00;21:00;22:00
337,07:00;08:00;09:00;10:00;11:00;12:00;13:00;14:00;15:00;16:00;17:00;18:00;19:00;20:00;21:00;22:00
338,07:00;08:00;09:00;10:00;11:00;12:00;13:00;14:00;15:00;16:00;17:00;18:00;19:00;20:00;21:00;22:00
339,07:00;08:00;09:00;10:00;11:00;12:00;13:00;14:00;15:00;16:00;17:00;18:00;19:00;20:00;21:00;22:00
340,07:00;08:00;09:00;10:00;11:00;12:00;13:00;14:00;15:00;16:00;17:00;18:00;19:00;20:00;21:00;22:00
341,07:00;08:00;09:00;10:00;11:00;12:00;13:00;14:00;15:00;16:00;17:00;18:00;19:00;20:00;21:00;22:00
342,07:00;08:00;09:00;10:00;11:00;12:00;13:00;14:00;15:00;16:00;17:00;18:00;19:00;20:00;21:00;22:00
343,07:00;08:00;09:00;10:00;11:00;12:00;13:00;14:00;15:00;16:00;17:00;18:00;19:00;20:00;21:00;22:00
344,07:00;08:00;09:00;10:00;11:00;12:00;13:00;14:00;15:00;16:00;17:00;18:00;19:00;20:00;21:00;22:00
345,07:00;08:00;09:00;10:00;11:00;12:00;13:00;14:00;15:00;16:00;17:00;18:00;19:00;20:00;21:00;22:00
346,07:00;08:00;09:00;10:00;11:00;12:00;13:00;14:00;15:00;16:00;17:00;18:00;19:00;20:00;21:00;22:00
347,07:00;08:00;09:00;10:00;11:00;12:00;13:00;14:00;15:00;16:00;17:00;18:00;19:00;20:00;21:00;22:00
348,07:00;08:00;09:00;10:00;11:00;12:00;13:00;14:00;15:00;16:00;17:00;18:00;19:00;20:00;21:00;22:00
349,07:00;08:00;09:00;10:00;11:00;12:00;13:00;14:00;15:00;16:00;17:00;18:00;19:00;20:00;21:00;22:00
350,07:00;08:00;09:00;10:00;11:00;12:00;13:00;14:00;15:00;16:00;17:00;18:00;19:00;20:00;21:00;22:00
351,07:00;08:00;09:00;10:00;11:00;12:00;13:00;14:00;15:00;16:00;17:00;18:00;19:00;20:00;21:00;22:00
352,07:00;08:00;09:00;10:00;11:00;12:00;13:00;14:00;15:00;16:00;17:00;18:00;19:00;20:00;21:00;22:00
353,07:00;08:00;09:00;10:00;11:00;12:00;13:00;14:00;15:00;16:00;17:00;18:00;19:00;20:00;21:00;22:00
354,07:00;08:00;09:00;10:00;11:00;12:00;13:00;14:00;15:00;16:00;17:00;18:00;19:00;20:00;21:00;22:00
355,07:00;08:00;09:00;10:00;11:00;12:00;13:00;14:00;15:00;16:00;17:00;18:00;19:00;20:00;21:00;22:00
356,07:00;08:00;09:00;10:00;11:00;12:00;13:00;14:00;15:00;16:00;17:00;18:00;19:00;20:00;21:00;22:00
357,07:00;08:00;09:00;10:00;11:00;12:00;13:00;14:00;15:00;16:00;17:00;18:00;19:00;20:00;21:00;22:00
358,07:00;08:00;09:00;10:00;11:00;12:00;13:00;14:00;15:00;16:00;17:00;18:00;19:00;20:00;21:00;22:00
359,07:00;08:00;09:00;10:00;11:00;12:00;13:00;14:00;15:00;16:00;17:00;18:00;19:00;20:00;21:00;22:00
360,07:00;08:00;09:00;10:00;11:00;12:00;13:00;14:00;15:00;16:00;17:00;18:00;19:00;20:00;21:00;22:00
361,07:00;08:00;09:00;10:00;11:00;12:00;13:00;14:00;15:00;16:00;17:00;18:00;19:00;20:00;21:00;22:00
362,07:00;08:00;09:00;10:00;11:00;12:00;13:00;14:00;15:00;16:00;17:00;18:00;19:00;20:00;21:00;22:00
363,07:00;08:00;09:00;10:00;11:00;12:00;13:00;14:00;15:00;16:00;17:00;18:00;19:00;20:00;21:00;22:00
364,07:00;08:00;09:00;10:00;11:00;12:00;13:00;14:00;15:00;16:00;17:00;18:00;19:00;20:00;21:00;22:00
365,07:00;08:00;09:00;10:00;11:00;12:00;13:00;14:00;15:00;16:00;17:00;18:00;19:00;20:00;21:00;22:00
